client_id,code,name,chi_name,address,chi_address
1,ABC,Aberdeen Boat Club,深灣,Unit 9 Of Ground Floor Aberdeen Marina Tower  8 Shum Wan Road Hong Kong.,Unit 9 Of Ground Floor Aberdeen Marina Tower  8 Shum Wan Road Hong Kong.
1,AC,Aberdeen Centre SS,香港仔中心,Ground Floor Site 1 Aberdeen Centre 19-23 Nam Ning Street Aberdeen Hong Kong.,Ground Floor Site 1 Aberdeen Centre 19-23 Nam Ning Street Aberdeen Hong Kong.
1,ALC,Ap Lei Chau,鴨俐洲邨,Shop 4 Ground Floor Multi Storey Car Park Phase Ii B Ap Lei Chau EstateHong Kong.,Shop 4 Ground Floor Multi Storey Car Park Phase Ii B Ap Lei Chau EstateHong Kong.
1,ALG,Aldrich Garden,愛蝶灣,Shop No. 60 1/F. Aldrich Garden No.2 Oi Lai Street Hong Kong,Shop No. 60 1/F. Aldrich Garden No.2 Oi Lai Street Hong Kong
1,AP,Amoy Plaza,淘大廣場,Shop No F33-45 1St Floor Amoy Plaza Phase I 77 Ngau Tau Kok RoadKowloon.,Shop No F33-45 1St Floor Amoy Plaza Phase I 77 Ngau Tau Kok RoadKowloon.
1,AT,Austin Tower,柯士甸道,Lower Ground Floor Austin Tower 22-26A Austin Avenue Tsimshatsui Kowloon.,Lower Ground Floor Austin Tower 22-26A Austin Avenue Tsimshatsui Kowloon.
1,AXA,AXA Centre,國衛中心,Whole of Basement and Portion of Ground Floor AXA Centre 151 Gloucester Road Wanchai Hong Kong,Whole of Basement and Portion of Ground Floor AXA Centre 151 Gloucester Road Wanchai Hong Kong
1,BC,Bijou Court,別樹一居,Shop on 1/F plus Entrance on G/F Bijou Court No. 171 Prince Edward Road West  Kowloon,Shop on 1/F plus Entrance on G/F Bijou Court No. 171 Prince Edward Road West  Kowloon
1,BH,Braemar Hill,寶馬山,Shop No.18 Braemar Hill Shopping Centre North Point Hong Kong.,Shop No.18 Braemar Hill Shopping Centre North Point Hong Kong.
1,BIR,Billionnaire Royale,御豪門,Shop No. 1 G/F Billionnaire Royale No. 83 Sa Po Road Kowloon City Kowloon,Shop No. 1 G/F Billionnaire Royale No. 83 Sa Po Road Kowloon City Kowloon
1,BMS,Belair Monte,綠悠軒,Shop No. 1-11  Level 1  Belair Monte 3  Mak Sik Road  Fanling N.T.,Shop No. 1-11  Level 1  Belair Monte 3  Mak Sik Road  Fanling N.T.
1,BR,Bonham Road,般咸道,Shop 2 Ground Floor Wing Cheong Court 37-47 Bonham RoadHong Kong.,Shop 2 Ground Floor Wing Cheong Court 37-47 Bonham RoadHong Kong.
1,BS,Bute Street,弼街,Shop F & G Ground Floor Carprio Mansion No.1 Lai Chi Kok Road  Kowloon.,Shop F & G Ground Floor Carprio Mansion No.1 Lai Chi Kok Road  Kowloon.
1,BSG,Blossom Garden,寶怡花園,Shop No. 15-20  G/F Blossom Garden Tmtl 346 Tuen Mun N.T,Shop No. 15-20  G/F Blossom Garden Tmtl 346 Tuen Mun N.T
1,BV,Baguio Villas,碧瑤灣,2Nd Lower Ground Floor Baguio Villa Block 32-40 550 Victoria Road Hong Kong.,2Nd Lower Ground Floor Baguio Villa Block 32-40 550 Victoria Road Hong Kong.
1,BVG,Belvedere Garden,麗城花園,Shop No.17   G/Fl Belvedere SquareBelvedere Garden  Phase Iii Tsuen Wan N.T.,Shop No.17   G/Fl Belvedere SquareBelvedere Garden  Phase Iii Tsuen Wan N.T.
1,BVM,Bayview,御景灣,Shop VB G/F BayView R. Nova Da Areia Preta Areia Preta Macau,Shop VB G/F BayView R. Nova Da Areia Preta Areia Preta Macau
1,CBC,Caribbean Coast,映灣園,Shop No. 22 & 23 On Podium First Floor Caribbean Bazaar Caribbean Coast. 1 Kin Tung Road Tung Chung Lantau Island.,Shop No. 22 & 23 On Podium First Floor Caribbean Bazaar Caribbean Coast. 1 Kin Tung Road Tung Chung Lantau Island.
1,CBP,Cyberport,數碼港,Shop No 3   Level 1 Service Annex Cyber Port Pokfulam  Hong Kong.,Shop No 3   Level 1 Service Annex Cyber Port Pokfulam  Hong Kong.
1,CC2,Cheung Chau 2,長洲,G/F Eastern Commercial Plaza  80 Tung Wan Road Cheung Chau. ,G/F Eastern Commercial Plaza  80 Tung Wan Road Cheung Chau. 
1,CC3,Cheung Chau 3,長洲 3,Site 1 No. 99    Praya Street Cheung Chau Site 2 No. 97A Praya StreetCheung Chau Hong Kong.,Site 1 No. 99    Praya Street Cheung Chau Site 2 No. 97A Praya StreetCheung Chau Hong Kong.
1,CCT,Cathay City ,國泰城,Unit H&I Cathay Pacific Headquarters Building Cathay City Chek Lap Kok Airport.,Unit H&I Cathay Pacific Headquarters Building Cathay City Chek Lap Kok Airport.
1,CCW,C C Wu Building,集成中心,Shop Units 1-15 & 17-22 Lower Ground FloorCc Wu Building 302-308 Hennessy  Road & 204-210 Wanchai Road Wanchai Hong Kong,Shop Units 1-15 & 17-22 Lower Ground FloorCc Wu Building 302-308 Hennessy  Road & 204-210 Wanchai Road Wanchai Hong Kong
1,CDA,Coelho Do Amaral,廣逸居,Shop A – C On Ground Floor Together With Shop A Cockloft Nos. 85-89 Coelho Do Amaral Macau,Shop A – C On Ground Floor Together With Shop A Cockloft Nos. 85-89 Coelho Do Amaral Macau
1,CEH,Celestial Heights,半山壹號,Shop no. 12 on First Floor of Celestial Place Celestial Heights No. 80 Sheung Shing Street Kowloon.,Shop no. 12 on First Floor of Celestial Place Celestial Heights No. 80 Sheung Shing Street Kowloon.
1,CF,Chi Fu Landmark,置富花園,Shop Nos. 201-202  2/F  Chi Fu Landmark Pokfulam Hong Kong,Shop Nos. 201-202  2/F  Chi Fu Landmark Pokfulam Hong Kong
1,CFES,Cheung Fat Estate,長發邨,3Rd Floor Carpark Cheung Fat Shopping Centre Cheung Fat Estate Tsing Yi N.T.,3Rd Floor Carpark Cheung Fat Shopping Centre Cheung Fat Estate Tsing Yi N.T.
1,CFG,Cheerful Garden,小西灣,Upper G/F  Carport Building Cheerful Garden Il 148Siu Sai Wan Hong Kong,Upper G/F  Carport Building Cheerful Garden Il 148Siu Sai Wan Hong Kong
1,CFUS,Chung Fu SS,頌富商場,Shop No. 232  2/F  Chung Fu Shopping Centre (Stage 2) Tin Shui Wai Yuen Long N.T.,Shop No. 232  2/F  Chung Fu Shopping Centre (Stage 2) Tin Shui Wai Yuen Long N.T.
1,CG,Charming Garden,富榮花園,Shop No. 66B G/F Site 2 of Charming Garden No. 8 Hoi Ting Road Kowloon,Shop No. 66B G/F Site 2 of Charming Garden No. 8 Hoi Ting Road Kowloon
1,CH,Carmal Hill,君逸山,Ground Floor Carmel On The Hill9 Carmel Village StreetHomantin Kowloon.,Ground Floor Carmel On The Hill9 Carmel Village StreetHomantin Kowloon.
1,CHE,Ching Ho Estate,清河邨,Shop No. 16 Ching Ho Shopping Centre Ching Ho Estate Sheung Shui New Territories,Shop No. 16 Ching Ho Shopping Centre Ching Ho Estate Sheung Shui New Territories
1,CHT,Chelsea Heights,卓爾居,Shop No. 210 On Level 2 Chelsea Heights 1Shek Pai Path Tuen Mun New Territories,Shop No. 210 On Level 2 Chelsea Heights 1Shek Pai Path Tuen Mun New Territories
1,COM,Comet Mansion,金馬大廈,Shop 6-8 16-26 & Portion Of Corridor On G/FlComet Mansion Fung Cheung Road Yuen Long N.T.,Shop 6-8 16-26 & Portion Of Corridor On G/FlComet Mansion Fung Cheung Road Yuen Long N.T.
1,COS,City One ,第一城,Shop 7B and 46-80 G/F Ngan Shing Commercial Centre City One Shatin,Shop 7B and 46-80 G/F Ngan Shing Commercial Centre City One Shatin
1,CR,Caine Road,堅道,Ground Floor Shop B Tai Shing Building 129-133 Caine Road Hong Kong.,Ground Floor Shop B Tai Shing Building 129-133 Caine Road Hong Kong.
1,CR2,Caine Road 2,堅道2,Car Port (Garage) Long Mansion Nos. 24 & 24A Caine Road Hong Kong.,Car Port (Garage) Long Mansion Nos. 24 & 24A Caine Road Hong Kong.
1,CSC,Cheung Shan Estate,象山邨,Shop No. 313-317 Commercial Centre Cheung Shan Chuen Tsuen Wan Kowloon.,Shop No. 313-317 Commercial Centre Cheung Shan Chuen Tsuen Wan Kowloon.
1,CT,Command Tower,橋民大廈,Shop 1  G/F  Command Tower No. 145 Main Street Ap Lei Chau Hong Kong,Shop 1  G/F  Command Tower No. 145 Main Street Ap Lei Chau Hong Kong
1,CTE,Choi Tak Estate,彩德邨,Shop 601 Sixth Floor Choi Tak Shopping Centre Choi Tak Estate Ngau Tau Kok Kowloon. ,Shop 601 Sixth Floor Choi Tak Shopping Centre Choi Tak Estate Ngau Tau Kok Kowloon. 
1,CU,Chinese University,中文大學,Lower Ground Floor New Staff & Student Centre Chinese University N.T.,Lower Ground Floor New Staff & Student Centre Chinese University N.T.
1,CVC,Chevalier Commercial Centre,其士商業中心,Shop Nos. 1-4 Ground Floor Chevalier Commerical Centre 8 Wang Hoi Road Kowloon Bay Kowloon,Shop Nos. 1-4 Ground Floor Chevalier Commerical Centre 8 Wang Hoi Road Kowloon Bay Kowloon
1,CW2,Choi Wan Estate 2,彩雲 2,Shop Nos. A301 and A302 Third Floor Choi Wan Shopping Centre (Phase 2) Choi Wan (1) Estate 45 Clear Water Bay Road Ngau Chi Wan Kowloon Hong Kong,Shop Nos. A301 and A302 Third Floor Choi Wan Shopping Centre (Phase 2) Choi Wan (1) Estate 45 Clear Water Bay Road Ngau Chi Wan Kowloon Hong Kong
1,CWB,Clearwater Bay,清水灣,Lot No. 374  Dd 224 Silverstrand Sai Kung Kowloon.,Lot No. 374  Dd 224 Silverstrand Sai Kung Kowloon.
1,CWE,Cheung Wang Estate,長宏村,Shop No.6 Cheung Wang Shopping Centre Cheung Wang Estate Tsing Yi Island Nt,Shop No.6 Cheung Wang Shopping Centre Cheung Wang Estate Tsing Yi Island Nt
1,CWM,Cheung Wan,長運,Em Macau Rua De Santo Antonio Nos 7-7a Cheung Wan Res-Do-Chao A,Em Macau Rua De Santo Antonio Nos 7-7a Cheung Wan Res-Do-Chao A
1,CY2,Chuk Yuen 2,竹園 2,Shop no. S229 Chuk Yuen Shopping Centre 15 Chuk Yuen Road Wong Tai Sin Kowloon,Shop no. S229 Chuk Yuen Shopping Centre 15 Chuk Yuen Road Wong Tai Sin Kowloon
1,CYC,Cho Yiu Chuen,祖堯邨,Shop D3-8  Block D  6 King Cho Road Cho Yiu Chuen Kwai Chung N.T.,Shop D3-8  Block D  6 King Cho Road Cho Yiu Chuen Kwai Chung N.T.
1,CYEX,Choi Yuen Convenience Store,彩園商場,Shop Nos. R1 & R2 Third Floor Choi Yuen Shopping Centre Sheung Shui New Territories,Shop Nos. R1 & R2 Third Floor Choi Yuen Shopping Centre Sheung Shui New Territories
1,CYIE,Choi Ying Place,彩盈邨,Shop No. 2 Choi Ying Place Choi Ying Estate Ngau Tau Kok Kowloon.,Shop No. 2 Choi Ying Place Choi Ying Estate Ngau Tau Kok Kowloon.
1,CYS,Choi Yuen Plaza,彩園廣場,Shop no. G2 G/F. Choi Yuen Plaza Choi Yuen Estate Sheung Shui New Territories.,Shop no. G2 G/F. Choi Yuen Plaza Choi Yuen Estate Sheung Shui New Territories.
1,CYSF,Chun Yeung Street (Frozen Store),春秧街,Shop A Ground Floor Yen Dack Building Nos. 93-101 105-113 Chun Yeung Street Nos. 7A & 7B Tong Shui Road Hong Kong,Shop A Ground Floor Yen Dack Building Nos. 93-101 105-113 Chun Yeung Street Nos. 7A & 7B Tong Shui Road Hong Kong
1,DBS,Discovery Bay SS,愉景灣,G25 Ground Floor Block C Discovery Bay Plaza Discovery Bay Hong Kong.,G25 Ground Floor Block C Discovery Bay Plaza Discovery Bay Hong Kong.
1,DOM,Domain,大本型,Shop Nos. 101102 106 and 107 on 1st Floor and Shop Nos. 201 & 202 on 2nd Floor Domain 38 Ko Chiu Road Yau Tong Kowloon.,Shop Nos. 101102 106 and 107 on 1st Floor and Shop Nos. 201 & 202 on 2nd Floor Domain 38 Ko Chiu Road Yau Tong Kowloon.
1,DP,Discovery Park ,愉景新城,Shop 1-2 and 5-8 L3 Discovery Park 398 Castle Peak Road Tsuen Wan New Territories,Shop 1-2 and 5-8 L3 Discovery Park 398 Castle Peak Road Tsuen Wan New Territories
1,ET,Eastland Towers,青山道,Shop A&D G/F Eastland Towers Nos 183-191 Castle Peak Road Shamshuipo Kowloon.,Shop A&D G/F Eastland Towers Nos 183-191 Castle Peak Road Shamshuipo Kowloon.
1,FAP,Flora Plaza,花都廣場,Shop Nos. 5-12 35-44 G/F  Flora Plaza Shopping Arcade  Fanling  N.T.,Shop Nos. 5-12 35-44 G/F  Flora Plaza Shopping Arcade  Fanling  N.T.
1,FC,Flower City ,花城,Fa Seng Quarteirao 40  Edificios Lei Hon Tou Wai Ip  R/C H Taipa  Macau.,Fa Seng Quarteirao 40  Edificios Lei Hon Tou Wai Ip  R/C H Taipa  Macau.
1,FCE,Fu Cheong Estate,富昌邨,Shop No. 1 G/F Fu Cheong Shopping Centre Fu Cheong Estate Sham Shui Po Kln.,Shop No. 1 G/F Fu Cheong Shopping Centre Fu Cheong Estate Sham Shui Po Kln.
1,FHE,Fu Heng Estate,富亨邨,Shop No.7 Ground Floor Fu Heng Shopping Centre Fu Heng Estate Tai Po. N.T.,Shop No.7 Ground Floor Fu Heng Shopping Centre Fu Heng Estate Tai Po. N.T.
1,FL,Fanling,粉嶺,Shop No. 101 G/Fl Cheung  Wah Shopping Centre Cheung Wah Estate Fanling N.T.,Shop No. 101 G/Fl Cheung  Wah Shopping Centre Cheung Wah Estate Fanling N.T.
1,FLS,Fanling SS,粉嶺名都,Shop No. 11-15  Level 1   Fanling Town Centre  18  Fanling Station Road New Territories.,Shop No. 11-15  Level 1   Fanling Town Centre  18  Fanling Station Road New Territories.
1,FMW2,Fisherman's Wharf,漁人碼頭,Shop Nos. Lg03-Lg06 On Lower Ground Floor of The Laguna Mall 8 Laguna Verde Avenue Hunghom Kowloon,Shop Nos. Lg03-Lg06 On Lower Ground Floor of The Laguna Mall 8 Laguna Verde Avenue Hunghom Kowloon
1,FOE,Fortune Estate,幸福村,Shop 107 Fortune Shopping Cnetre Fortune Estate Cheung Sha Wan Kowloon.,Shop 107 Fortune Shopping Cnetre Fortune Estate Cheung Sha Wan Kowloon.
1,FP,Fairview Park,錦繡花園,Ground Floor Fairview Park Commercial CentreDd 104 Lot No. 4665 Tai Sang Wai Yuen Long N.T.,Ground Floor Fairview Park Commercial CentreDd 104 Lot No. 4665 Tai Sang Wai Yuen Long N.T.
1,FS,Ferry Street,渡船街,Shop A B & C On Ground And 1St Floor Best-O-Best Commercial Building 32-36 Ferry Street Yaumatei Kowloon.,Shop A B & C On Ground And 1St Floor Best-O-Best Commercial Building 32-36 Ferry Street Yaumatei Kowloon.
1,FSC,Fook Sing Court,褔陞閣,Entrance Lobby Ground Floor Whole Cheung Ping First Floor 378 Fook Sing Court Queen'S Road Hong Kong.,Entrance Lobby Ground Floor Whole Cheung Ping First Floor 378 Fook Sing Court Queen'S Road Hong Kong.
1,FT,Fortress Tower,北角城中心,Shop No 2  Of  G/F  Fortress Tower 250  Kingís Road  North Point Hong Kong,Shop No 2  Of  G/F  Fortress Tower 250  Kingís Road  North Point Hong Kong
1,FTC,Fu Tai Court,富泰商場,Shop No. 103  1St Floor  Fu Tai Shopping Centre  Tuen Mun New Territories.,Shop No. 103  1St Floor  Fu Tai Shopping Centre  Tuen Mun New Territories.
1,FTE,Fung Tak Estate,鳳德邨,Shop No 215  Level 3 Fung Tak Shopping Centre Fung Tak Estate Wong Tai Sin Kowloon.,Shop No 215  Level 3 Fung Tak Shopping Centre Fung Tak Estate Wong Tai Sin Kowloon.
1,FVH,Fairview Heights,輝煌臺,Shop No.1&2 Lg/FloorFairview Height 1 Seymour RoadHong Kong.,Shop No.1&2 Lg/FloorFairview Height 1 Seymour RoadHong Kong.
1,FWCC,Full Win Commercial Centre,富運商業大廈,Basement (Plus Entrance on Ground Floor) Full Win Commercial Centre No. 573 Nathan Road Kowloon,Basement (Plus Entrance on Ground Floor) Full Win Commercial Centre No. 573 Nathan Road Kowloon
1,FYR,Fook Yum Road,福蔭道,Shop Nos. 2A-2D G/F Nam Fung Court Harbour Heights No. 1 Fook Yum Road Hong Kong.,Shop Nos. 2A-2D G/F Nam Fung Court Harbour Heights No. 1 Fook Yum Road Hong Kong.
1,GEP,Golden Era Plaza,金雞廣場,Basement 1B & Portion Of G/F. Golen Era Plaza  No. 39-55  Sai Yee Street Mongkok Kowloon,Basement 1B & Portion Of G/F. Golen Era Plaza  No. 39-55  Sai Yee Street Mongkok Kowloon
1,GH,Grandeur Heights,灝景峰,Portion of Shop B G/F Grandeur Heights Nos. 92-104 Rua Da Ribeira Do Patane Macau,Portion of Shop B G/F Grandeur Heights Nos. 92-104 Rua Da Ribeira Do Patane Macau
1,GPP,GREAT ,GREAT FOOD HALL,Unit 009  On Level Lg1 The Mall Pacific Place  Phase Ii Central Hong Kong,Unit 009  On Level Lg1 The Mall Pacific Place  Phase Ii Central Hong Kong
1,GR,Garden Road,花園道,1St & 2Nd Floor 51 Garden Road Central Hong Kong.,1St & 2Nd Floor 51 Garden Road Central Hong Kong.
1,GS,Gage Street,結志街,Shop 2A  Ground Floor 2A Gage StreetLyndhurst Building Central Hong Kong.,Shop 2A  Ground Floor 2A Gage StreetLyndhurst Building Central Hong Kong.
1,GWB,Good World Building,好世界洋樓,Shops 5-7 Ground Floor Good World Building Nos. 197-199 Tong Mi Road Kowloon,Shops 5-7 Ground Floor Good World Building Nos. 197-199 Tong Mi Road Kowloon
1,HCB,Hoi Cheung Building,海祥大廈,Shop B Ground Floor  Hoi Cheong Bldg.No. 72-74  Tai Po Road Kowloon.,Shop B Ground Floor  Hoi Cheong Bldg.No. 72-74  Tai Po Road Kowloon.
1,HFCS,Heng Fa Chuen SS,杏花邨,Shop Nos. 210-211/ 224-227/ 228  2/F West Wing Heng Fa Chuen Shopping Centre Hong Kong.,Shop Nos. 210-211/ 224-227/ 228  2/F West Wing Heng Fa Chuen Shopping Centre Hong Kong.
1,HG3,Healthy Garden III,健威坊,Shop No. U14A Upper Ground Floor Fitfort (Healthy Garden) 560 King'S Road North Point HK,Shop No. U14A Upper Ground Floor Fitfort (Healthy Garden) 560 King'S Road North Point HK
1,HHS,Hunghom SS,紅磡,Shop No. 1A Ground Floor Stie 3 Whampoa GardenHunghom Kowloon.,Shop No. 1A Ground Floor Stie 3 Whampoa GardenHunghom Kowloon.
1,HKG,Hong Kong Garden,豪景花園,Lower Ground Floor Commercial ComplexHong Kong Garden Tsing Lung Tau Lot No 60 N.T.,Lower Ground Floor Commercial ComplexHong Kong Garden Tsing Lung Tau Lot No 60 N.T.
1,HKSA,Hang King Shopping Arcade,恒景商場,Shop Nos. 103-106 First Floor Hang King Shopping Arcade Hang King Garden 9 Wing Fong Road Kwai Chung New Territories,Shop Nos. 103-106 First Floor Hang King Shopping Arcade Hang King Garden 9 Wing Fong Road Kwai Chung New Territories
1,HKU2,Hong Kong U II,香港大學,Chong Yuet Ming Amenities CentreRoom 204 Pokfulam Road Hong Kong.,Chong Yuet Ming Amenities CentreRoom 204 Pokfulam Road Hong Kong.
1,HLC2,Hiu Lai Court 2,曉麗苑,Shop No. 233  Level Ii  Hiu Lai Centre Hiu Lai Court Sau Mau Ping Kwun Tong Kowloon.,Shop No. 233  Level Ii  Hiu Lai Centre Hiu Lai Court Sau Mau Ping Kwun Tong Kowloon.
1,HLE,Hoi Lai Shopping Centre,海麗邨,Shop 106 First Floor Hoi Lai Shopping Lai Chi Kok Kowloon,Shop 106 First Floor Hoi Lai Shopping Lai Chi Kok Kowloon
1,HLY,Hong Lok Yuen,康樂園,Block C1 Ground Floor Hong Lok Yuen Commercial Centre Tai Po N.T.,Block C1 Ground Floor Hong Lok Yuen Commercial Centre Tai Po N.T.
1,HME,Hing Man Estate,興民邨,Units 420-423 4 Floor Commercial & Community Centre Hing Man Estate Chai Wan Hong Kong.,Units 420-423 4 Floor Commercial & Community Centre Hing Man Estate Chai Wan Hong Kong.
1,HMT,Ho Man Tin,何文田,Shop G  Ground Floor Tsan Yung Mansion 70 Waterloo RoadKowloon,Shop G  Ground Floor Tsan Yung Mansion 70 Waterloo RoadKowloon
1,HR,Hill Road,山道,G/F  No. 7-9  Hill Road Cheung Fat Building Shek Tong Tsui Hong Kong.,G/F  No. 7-9  Hill Road Cheung Fat Building Shek Tong Tsui Hong Kong.
1,HSF,Ho Shun Fook,好順福大廈,Shop Nos. 95-96 G/F  Ho Shun Fook Sau Fu Street Yuen Long N.T.,Shop Nos. 95-96 G/F  Ho Shun Fook Sau Fu Street Yuen Long N.T.
1,HT,Hilton Tower,希爾頓中心,Ground Floor (Portion) Hilton Towers 96 Granville RoadTsimshatsui Kowloon.,Ground Floor (Portion) Hilton Towers 96 Granville RoadTsimshatsui Kowloon.
1,HTC2,Hong Tin Court ,康田苑,Shop Nos. 35 37 39 41 & 43 Hong Tin Court Lam Tin Kowloon,Shop Nos. 35 37 39 41 & 43 Hong Tin Court Lam Tin Kowloon
1,HTE,Hing Tung Estate,興東邨,Shop No. 101  Shopping Centre 1/F. Hing Tung Estate Shaukeiwan Hong Kong.,Shop No. 101  Shopping Centre 1/F. Hing Tung Estate Shaukeiwan Hong Kong.
1,HTES,Hau Tak Estate SS,厚德邨,Shop 123 1/F Hau Tak Shopping Centre Hau Tak Estate Tseung Kwan O Kowloon.,Shop 123 1/F Hau Tak Shopping Centre Hau Tak Estate Tseung Kwan O Kowloon.
1,HV,Happy Valley,跑馬地,Fine Mansion 32-40 Village Road Happy Valley Hong Kong.,Fine Mansion 32-40 Village Road Happy Valley Hong Kong.
1,HWE 2,Hing Wah Estate 2,興華邨,Shop No. G07A Ground Floor Hing Wah Shopping Centre Hing Wah Estate Chai Wan Hong Kong,Shop No. G07A Ground Floor Hing Wah Shopping Centre Hing Wah Estate Chai Wan Hong Kong
1,IP,Island Place,港運城,Shop 201 Island Place 500 Kingís Road North Point Hong Kong.,Shop 201 Island Place 500 Kingís Road North Point Hong Kong.
1,IRS,Island Resort SS,藍灣半島,Shop No.1 1/F Floor Island Resort Mall 28   Siu Sai Wan Road   Siu Sai Wan Hong Kong.,Shop No.1 1/F Floor Island Resort Mall 28   Siu Sai Wan Road   Siu Sai Wan Hong Kong.
1,IS,Ivy Street,埃華街,Unit B & Unit C of Shop No.3 on G/F Tai Shing Building (Block H of Cosmopolitan Estate) Nos. 70-86 Ivy Street Kowloon,Unit B & Unit C of Shop No.3 on G/F Tai Shing Building (Block H of Cosmopolitan Estate) Nos. 70-86 Ivy Street Kowloon
1,JBG,Jubilee Garden,銀禧花園,Portion Of 3Rd Floor Commercial Podium Jubilee Garden Fo Tan Shatin N.T.,Portion Of 3Rd Floor Commercial Podium Jubilee Garden Fo Tan Shatin N.T.
1,JDM,JD Mall,佐敦薈,Basement JD Mall 233-239 Nathan Road Jordan Kowloon,Basement JD Mall 233-239 Nathan Road Jordan Kowloon
1,JL,Jardines Lookout,渣甸山,Ground Floor  Chun Fai Centre No. 9 Chun Fai Road Hong Kong.,Ground Floor  Chun Fai Centre No. 9 Chun Fai Road Hong Kong.
1,JMC,Jat Min Chuen,乙明邨,No 7  Ground Floor Jat Min Street Jat Min ChuenShatin N.T.,No 7  Ground Floor Jat Min Street Jat Min ChuenShatin N.T.
1,KC,Koway Court,高威閣,Portion B on 1st Floor Koway Court No. 111 Chai Wan Road Hong Kong,Portion B on 1st Floor Koway Court No. 111 Chai Wan Road Hong Kong
1,KCR,Kowloon City Road,九龍城道,Shop D E & F G/F. Chung Shun Bldg No. 56B & 56C Kowloon City Road Kowloon,Shop D E & F G/F. Chung Shun Bldg No. 56B & 56C Kowloon City Road Kowloon
1,KF,Kwai Fong,葵芳,Shop No 16-38 Ground Floor Ho Chuck Centre 2-10 Kwai Yi Road Kwai Fong N.T.,Shop No 16-38 Ground Floor Ho Chuck Centre 2-10 Kwai Yi Road Kwai Fong N.T.
1,KFB,Kiu Fat Building,僑發大廈,Portion of the Ground Floor Kiu Fat Building Nos. 115 117 & 119 Queen’s Road West Hong Kong,Portion of the Ground Floor Kiu Fat Building Nos. 115 117 & 119 Queen’s Road West Hong Kong
1,KFE,Ka Fuk Estate,嘉福邨,Shop No.2 G/F Shopping Centre  Ka Fuk Estate Fanling New Territories.,Shop No.2 G/F Shopping Centre  Ka Fuk Estate Fanling New Territories.
1,KFSC,Kin Fu San Chun,建富新村,Em Macau Rua Do Canal Das Hortas N?S 214-222 Kin Fu San Chun R?s-do-Ch?o G ,Em Macau Rua Do Canal Das Hortas N?S 214-222 Kin Fu San Chun R?s-do-Ch?o G 
1,KG,Kingswood Ginza,嘉湖銀座,2Nd Floor  Phase I  Kingswood Ginza Tin Shui Wai Yuen Long New Territories,2Nd Floor  Phase I  Kingswood Ginza Tin Shui Wai Yuen Long New Territories
1,KHPS,Kornhill Plaza SS,康怡廣場,Wet Market Portion Of Mezzanine FloorKornhill Plaza (North) 1 Kornhill Road Hong Kong.,Wet Market Portion Of Mezzanine FloorKornhill Plaza (North) 1 Kornhill Road Hong Kong.
1,KLE,King Lam Estate,景林邨,Shop No 12 Ground Floor King Lam Shopping Centre King Lam Estate Tseung Kwan O Kowloon.,Shop No 12 Ground Floor King Lam Shopping Centre King Lam Estate Tseung Kwan O Kowloon.
1,KLS,Kweilin Street ,桂林街,Ground Floor Nos. 75 77& 79 Kweilin Street Kowloon,Ground Floor Nos. 75 77& 79 Kweilin Street Kowloon
1,KTG,Kai Tak Garden ,啟德花園,Shop No 28 G/F Kai Tak Garden Phase Ii 121 Choi Hung Road Wong Tai Sin Kowloon.,Shop No 28 G/F Kai Tak Garden Phase Ii 121 Choi Hung Road Wong Tai Sin Kowloon.
1,KTS,Kennedy Town SS,堅尼地城,Shop A & B  No. 17-35  Belcherís  Street& 36-38   Kennedy Town Plaza  Kennedy Town Hong Kong.,Shop A & B  No. 17-35  Belcherís  Street& 36-38   Kennedy Town Plaza  Kennedy Town Hong Kong.
1,KWC,Ka Wai Chuen,家維邨,Shop Nos. 1-2 LG/F Ka Yee Lau & Shop Nos. 1-6 LG/F Ka Lim Lau Ma Tau Wai Road Ka Wai Chuen Hunghom Kowloon.,Shop Nos. 1-2 LG/F Ka Yee Lau & Shop Nos. 1-6 LG/F Ka Lim Lau Ma Tau Wai Road Ka Wai Chuen Hunghom Kowloon.
1,KWKS,Kau Wah Keng SS,九華俓,Level 2 The Household Centre No. 8 King Lai Path Kau Wah Keng Kowloon,Level 2 The Household Centre No. 8 King Lai Path Kau Wah Keng Kowloon
1,KWS,Kam Wah Street,金華街,Portion Of Ground Floor & First Floor 2-18 Kam Wah Street Shaukiwan H.K.,Portion Of Ground Floor & First Floor 2-18 Kam Wah Street Shaukiwan H.K.
1,KWV,Kingswood Villa,嘉湖山莊,Shop No. 1 G Roud FloorComercial CentreKingswood Villas Phase ITin Shui Wai NT,Shop No. 1 G Roud FloorComercial CentreKingswood Villas Phase ITin Shui Wai NT
1,KYC,Kam Ying Court,錦英苑,Shop No 12 & Market Lower Ground Floor Kam Ying Court Shopping Centre Ma On Shan N.T.,Shop No 12 & Market Lower Ground Floor Kam Ying Court Shopping Centre Ma On Shan N.T.
1,KYE,Kwong Yuen Estate,廣源邨,Shop No. 5B On Ground Floor Commercial Block 2 At Kwong Yuen Estate Shatin New Territories,Shop No. 5B On Ground Floor Commercial Block 2 At Kwong Yuen Estate Shatin New Territories
1,LBN,La Baie Du Noble,海名居,Zona Da Areia Preta Lote S (La Baie Du Noble) Bloco 1 Cr/C Dr/C And Portion Of Fr/C Macau,Zona Da Areia Preta Lote S (La Baie Du Noble) Bloco 1 Cr/C Dr/C And Portion Of Fr/C Macau
1,LC,Leighton Centre,禮頓中心,Shop L04 on Lower Ground Floor & Shop B01 on the Basement Leighton Centre 77 Leighton Road Causeway Bay Hong Kong,Shop L04 on Lower Ground Floor & Shop B01 on the Basement Leighton Centre 77 Leighton Road Causeway Bay Hong Kong
1,LCK,Lai Chi Kok,荔枝角,G/F. 288 Lai Chi Kok RoadKowloon,G/F. 288 Lai Chi Kok RoadKowloon
1,LCMS,Lung Cheung Mall SS,龍翔中心,Shop Nos.  Lg 214 & 216  Level 2 Lung Cheung Mall Wong Tai Sin Kowloon.,Shop Nos.  Lg 214 & 216  Level 2 Lung Cheung Mall Wong Tai Sin Kowloon.
1,LFP,Lok Fu Plaza,樂富廣場,Shop Nos. 1214 – 1218 1/F. Lok Fu Plaza Wang Tau Hom Kowloon.,Shop Nos. 1214 – 1218 1/F. Lok Fu Plaza Wang Tau Hom Kowloon.
1,LKE,Lai King Estate,荔景邨,Shops 1+2+3 G/F Ming King House Lai King Estate Kwai Chung New Territories,Shops 1+2+3 G/F Ming King House Lai King Estate Kwai Chung New Territories
1,LKSC,Leung King Shopping Centre,良景商場,Shop No. L414 Level 4 Leung King Shopping Centre 31 Tin King Road Tuen Mun New Territories.,Shop No. L414 Level 4 Leung King Shopping Centre 31 Tin King Road Tuen Mun New Territories.
1,LKW2,Lei King Wan 2,新鯉景灣,Shop  Nos. 8-13  Lower Ground  Floor 25  Tai On Street Lei  King Wan H.K.,Shop  Nos. 8-13  Lower Ground  Floor 25  Tai On Street Lei  King Wan H.K.
1,LMSC,Lok Man Sun Chuen,樂民新邨,Shop 146 & 148 Ground Floor Lok Man Sun Chuen   Tokwawan Kowloon.,Shop 146 & 148 Ground Floor Lok Man Sun Chuen   Tokwawan Kowloon.
1,LOE,Lee On Estate,利安邨,Shop No Lg 107 Lower Ground Floor 1 Shopping Centre Lee On Estate Man On Shan Shatin N.T.,Shop No Lg 107 Lower Ground Floor 1 Shopping Centre Lee On Estate Man On Shan Shatin N.T.
1,LP,Laguna Plaza,麗港城,Basement 1 Commercial Complex Phase 1 Laguna City Cha Kwo Ling Road Kwun Tong Kowloon,Basement 1 Commercial Complex Phase 1 Laguna City Cha Kwo Ling Road Kwun Tong Kowloon
1,LPS,Lucky Plaza SS,好運中心,Level 3  Lucky Plaza  Shatin New Territories.,Level 3  Lucky Plaza  Shatin New Territories.
1,LT,Lam Tin,藍田,Shop 107  Tak Tin Shopping Centre Tak Tin Estate Lam Tin Kowloon.,Shop 107  Tak Tin Shopping Centre Tak Tin Estate Lam Tin Kowloon.
1,LTE,Lei Tung Estate,利東邨,Shop No 101  Ground FloorCommercial Centre Lei Tung Estate Ap Lei Chau Hong Kong.,Shop No 101  Ground FloorCommercial Centre Lei Tung Estate Ap Lei Chau Hong Kong.
1,LWE,Lok Wah Estate,樂華邨,316 Floor 3 Lok Wah Commercial Centre Kwun Tong Kowloon,316 Floor 3 Lok Wah Commercial Centre Kwun Tong Kowloon
1,LWR,Lai Wan Road,荔灣道,Shop No N50B  Stage 7 Ground Floor 12 Lai Wan Road Mei Foo Sun Chuen Kowloon,Shop No N50B  Stage 7 Ground Floor 12 Lai Wan Road Mei Foo Sun Chuen Kowloon
1,LY,Lai Yiu,麗瑤,Shop No 1-5 Shopping Block Lai Yiu Estate Kwai Chung N.T.,Shop No 1-5 Shopping Block Lai Yiu Estate Kwai Chung N.T.
1,MAC1,Macau 1,澳門 1,1/F  Parkín Shop Shopping Centre44-F  Estrada Da Areia Preta No. 102 Avenida De Venceslau De Morais Macau,1/F  Parkín Shop Shopping Centre44-F  Estrada Da Areia Preta No. 102 Avenida De Venceslau De Morais Macau
1,MCS ,Metro City SS,新都城,Shop No.  Ug 36-57  Upper G/F Metro City Phase Ii  8 Yan King RoadTseung Kwan O Kowloon.,Shop No.  Ug 36-57  Upper G/F Metro City Phase Ii  8 Yan King RoadTseung Kwan O Kowloon.
1,MET,Metropolis,國際都會,Shop Nos. 729-733 Level 7 Metropolis Mall 6 Metropolis Drive Hunghom Bay Kowloon,Shop Nos. 729-733 Level 7 Metropolis Mall 6 Metropolis Drive Hunghom Bay Kowloon
1,MF,Mei Foo ,美孚,PARKnSHOP SUPERSTORE 1/F Shopping Centre No. 69-119 Broadway Stage IV Mei Foo Sun Chuen Kowloon,PARKnSHOP SUPERSTORE 1/F Shopping Centre No. 69-119 Broadway Stage IV Mei Foo Sun Chuen Kowloon
1,MHC,Ma Hang Chung,馬坑涌,Shop 2 & 3 G/F Chung Hwa Building Nos. 3A-3C Ma Hang Chung Road Kowloon.,Shop 2 & 3 G/F Chung Hwa Building Nos. 3A-3C Ma Hang Chung Road Kowloon.
1,MHT,Manhattan Heights,高逸華軒,Commercial Unit A on Ground Floor Manhattan Heights No.83 Catchick Street Hong Kong ,Commercial Unit A on Ground Floor Manhattan Heights No.83 Catchick Street Hong Kong 
1,MLDH,Moon Lok Dai Ha,滿樂大廈,Shop Nos. 155-165 G/F Fook Chi Lau Moon Lok Dai Ha Sha Tsui Road Tsuen Wan New Territories,Shop Nos. 155-165 G/F Fook Chi Lau Moon Lok Dai Ha Sha Tsui Road Tsuen Wan New Territories
1,MLE,Mei Lam Estate,美林邨,Shop No. MS2 Ground floor Commercial/Car Park Block (also known as Mei Lam Shopping Centre) Mei Lam Estate 30 Mei Tin Road Tai Wai New Territories,Shop No. MS2 Ground floor Commercial/Car Park Block (also known as Mei Lam Shopping Centre) Mei Lam Estate 30 Mei Tin Road Tai Wai New Territories
1,MOS2,Ma On Shan II,馬鞍山廣場2,Shop 343-363  Level 3  Ma On Shan Plaza Ma On Shan Shatin N.T.,Shop 343-363  Level 3  Ma On Shan Plaza Ma On Shan Shatin N.T.
1,MOSH,Ma On Shan Hotel,海澄軒-海景酒店,Shop No. 3 On Level 1Floor Of Horizon Suite Hotel No. 29 On Chun Street Ma On Shan Shatin N.T.,Shop No. 3 On Level 1Floor Of Horizon Suite Hotel No. 29 On Chun Street Ma On Shan Shatin N.T.
1,MPS,Metro Plaza SS,都會廣場,Shop No 429-432 Level 4 Metro Plaza 223 Hing Fong Road Kwai Chung New Territories,Shop No 429-432 Level 4 Metro Plaza 223 Hing Fong Road Kwai Chung New Territories
1,MS,Maritime Square SS,盈翠半島,Shop Unit 313 Maritime Square Tsing Yi Island  New Territories.,Shop Unit 313 Maritime Square Tsing Yi Island  New Territories.
1,MSH,Manson House,文遜大廈,Portion of G/F. & Whole of Basement Manson House 74-78 Nathan Road Tsimshatsui Kowloon.,Portion of G/F. & Whole of Basement Manson House 74-78 Nathan Road Tsimshatsui Kowloon.
1,MSQ,Marina Square,海怡半島,Shop 101120120A121-122A123&125  1/F West Commercial Centre Marina Square South Horizon Ap Lei Chau Hong Kong,Shop 101120120A121-122A123&125  1/F West Commercial Centre Marina Square South Horizon Ap Lei Chau Hong Kong
1,MTC,Ma Tau Chung,馬頭涌,Shops 4 5A 5B 6A & 6B Ground Floor Fok On Building 90-98 Ma Tau Chung RoadTokwawan Kowloon Hong Kong,Shops 4 5A 5B 6A & 6B Ground Floor Fok On Building 90-98 Ma Tau Chung RoadTokwawan Kowloon Hong Kong
1,MTE,Ming Tak Estate,明德邨,Shop 16 Ming Tak Estate Shopping Ctr. Tseung Kwan O Kowloon.,Shop 16 Ming Tak Estate Shopping Ctr. Tseung Kwan O Kowloon.
1,MTK,Ma Tau Kok,馬頭角,Unit A  Ground Floor Tung Nam Factory Building  40  Ta Tau Kok Road Tokwawan Kowloon.,Unit A  Ground Floor Tung Nam Factory Building  40  Ta Tau Kok Road Tokwawan Kowloon.
1,MTS,Metro Town,都會駅,Shop Nos. L2-S01 L2-046 & 047 Level 2 Metro Town 8 King Ling Road Tseung Kwan O,Shop Nos. L2-S01 L2-046 & 047 Level 2 Metro Town 8 King Ling Road Tseung Kwan O
1,MW,Ma Wan,馬灣,Shop No. 108 Level 1 Commercial Complex Park Island Ma Wan Island,Shop No. 108 Level 1 Commercial Complex Park Island Ma Wan Island
1,MWO,Mui Wo,梅窩,Gf Mui Wo Building 12 Mui Wo Fung Pier Road Mui Wo Lantau Island Nt,Gf Mui Wo Building 12 Mui Wo Fung Pier Road Mui Wo Lantau Island Nt
1,NKP,New Kowloon Plaza,新九龍廣場,Shop 105-126  First Floor New Kowloon Plaza 38 Tai Kok Tsui Road Kowloon.,Shop 105-126  First Floor New Kowloon Plaza 38 Tai Kok Tsui Road Kowloon.
1,NLYS,New Luk Yeung II,新綠陽2,Market Luk Yeung Sun Chuen  No.  22-26 Wai Tsuen Road Tsuen Wan N.T.,Market Luk Yeung Sun Chuen  No.  22-26 Wai Tsuen Road Tsuen Wan N.T.
1,NR,Nathan Road 789,彌敦道789,Ground Floor Entrance and Basement Summit Insurance Building Nos. 789-793 Nathan Road Mongkok Kowloon.,Ground Floor Entrance and Basement Summit Insurance Building Nos. 789-793 Nathan Road Mongkok Kowloon.
1,NRG,New Rhine Garden,新海韻花園,Ground Floor Commercial Block J  Rhine Garden Sham Tseng N.T.,Ground Floor Commercial Block J  Rhine Garden Sham Tseng N.T.
1,OCS,Olympian City SS,奧海城第二期,Shop G1-G10  Olympian City 2 18  Hoi Ting Road West Kowloon  Kowloon.,Shop G1-G10  Olympian City 2 18  Hoi Ting Road West Kowloon  Kowloon.
1,OPC3,Olympian City 3,奧海城3期,Shop No. UG97 on Upper Ground Floor Olympian City 3 1 Hoi Wang Road Kowloon.,Shop No. UG97 on Upper Ground Floor Olympian City 3 1 Hoi Wang Road Kowloon.
1,PCA,Pacifica Mall ,宇晴軒,Shop Nos. 4-6 & 66 2nd Level of The Pacifica Mall No. 9 Sham Shing Road Lai Chi Kok Kowloon,Shop Nos. 4-6 & 66 2nd Level of The Pacifica Mall No. 9 Sham Shing Road Lai Chi Kok Kowloon
1,PCH,Provident Ctr Homeworld,和富家居庭,Shop No. B18 Basement Of Homeworld Provident Centre  North Point  Hong Kong,Shop No. B18 Basement Of Homeworld Provident Centre  North Point  Hong Kong
1,PER,Prince Edward Road,太子道,Ground Floor 352 Prince Edward Road Kowloon.,Ground Floor 352 Prince Edward Road Kowloon.
1,PHG2,Pierhead Garden II,海翠,Shop 34 Ocean Walk 168-236 Wum Chui Road Tuen Mun  New Territories.,Shop 34 Ocean Walk 168-236 Wum Chui Road Tuen Mun  New Territories.
1,PHM,Pak Hoo Mansion,百好大樓,Shop C on Ground Floor Pak Hoo Mansion Nos. 554 558 & 560 Queen's Road West Hong Kong.,Shop C on Ground Floor Pak Hoo Mansion Nos. 554 558 & 560 Queen's Road West Hong Kong.
1,PHW,Plaza Hollywood,荷李活廣場,Shop 227A & 227B  Level 2  Plaza Hollywood Diamond Hill  Kowloon.,Shop 227A & 227B  Level 2  Plaza Hollywood Diamond Hill  Kowloon.
1,PKG,Peak Galleria,山頂廣場,Portion Of Level 2  Peak Galleria 118  Peak Road  Hong Kong,Portion Of Level 2  Peak Galleria 118  Peak Road  Hong Kong
1,PKR,Peking Road,北京道,Basement Floor(Plus Entrance Exit & Lav. On G/F.) Universal Commercial Building Nos. 65 – 69 Peking Road Kowloon.,Basement Floor(Plus Entrance Exit & Lav. On G/F.) Universal Commercial Building Nos. 65 – 69 Peking Road Kowloon.
1,PLE,Po Lam Estate,寶琳邨,Shop No 101  Ground Floor Po Lam Shopping Centre Junk Bay N.T.,Shop No 101  Ground Floor Po Lam Shopping Centre Junk Bay N.T.
1,PS,Pou Seng Building,寶城大廈,Portion of Shop A on G/F & Whole M/F  Pou Seng Building No. 64 Rua Do Almirante Costa Cabral Macau,Portion of Shop A on G/F & Whole M/F  Pou Seng Building No. 64 Rua Do Almirante Costa Cabral Macau
1,PSE,Ping Shek,坪石邨,Shop No 201  First Floor Tusen Shek House Ping Shek Estate Kowloon.,Shop No 201  First Floor Tusen Shek House Ping Shek Estate Kowloon.
1,PT,Po Tin Estate,寶田邨,Shop 105  Pin Tin Shopping Centre Po Tin Interim Housing Tuen Mun  N.T.,Shop 105  Pin Tin Shopping Centre Po Tin Interim Housing Tuen Mun  N.T.
1,PTE,Pak Tin Estate,白田邨,Shop 22  Ground Floor & First Floor  Pak Tin Commercial CentreShek Kip Mei Kowloon.,Shop 22  Ground Floor & First Floor  Pak Tin Commercial CentreShek Kip Mei Kowloon.
1,PTSC,Po Tat Shopping Centre,寶達商場,Shop No. 116  1/F  Po Tat Shopping Centre Sau Mau Ping Kowloon.,Shop No. 116  1/F  Po Tat Shopping Centre Sau Mau Ping Kowloon.
1,PV,Parkview,陽明山莊,Level 2  Hong Kong Park View Rbl 1051 Tai Tam Reservoir Road Hong Kong.,Level 2  Hong Kong Park View Rbl 1051 Tai Tam Reservoir Road Hong Kong.
1,PWM,Parkway Mansion,栢威大廈,G/F EM MACAU RUA DE ALMIRANTE COSTA CABRAL No.S 150-152 PAK WAI FA UN RES-DO-CHAO A,G/F EM MACAU RUA DE ALMIRANTE COSTA CABRAL No.S 150-152 PAK WAI FA UN RES-DO-CHAO A
1,QB,Quarry Bay,鰂魚涌,Shop No. LG 01 Lower Ground Floor of Montane Mansion 1028 King’s Road and 19-43 Quarry Bay Street standing on Section C of Inland Lot No. 8104,Shop No. LG 01 Lower Ground Floor of Montane Mansion 1028 King’s Road and 19-43 Quarry Bay Street standing on Section C of Inland Lot No. 8104
1,RA,Royal Ascot,駿景園,G1 - 17  G/F.  Ascot Plaza Fotan Shatin N.T.,G1 - 17  G/F.  Ascot Plaza Fotan Shatin N.T.
1,RC,Rambler Crest ,藍澄灣,Shop 3 Level 1 Rambler Plaza No. 1 Tsing Yi Road Tsing Yi Island Nt.,Shop 3 Level 1 Rambler Plaza No. 1 Tsing Yi Road Tsing Yi Island Nt.
1,RG2,Richland Garden,麗晶花園 2,Portion of Unit 218 2/F Commercial & Garage Block Richland Gardens 80 Wang Kwong Road Kowloon Bay Kowloon  ,Portion of Unit 218 2/F Commercial & Garage Block Richland Gardens 80 Wang Kwong Road Kowloon Bay Kowloon  
1,RVM,The Riviera Macau,河邊新街,Shop Nos. C D & E Rua do Almirante Sérgio Travessa dos Armazéns and Rua do Dr. Lourenço Pereira Marques the Riviera Macau,Shop Nos. C D & E Rua do Almirante Sérgio Travessa dos Armazéns and Rua do Dr. Lourenço Pereira Marques the Riviera Macau
1,RVP,Riviera Plaza,海濱廣場,Shop No 209  2Nd Fl. Riviera Plaza Riviera Gardens Tsuen Wan N.T.,Shop No 209  2Nd Fl. Riviera Plaza Riviera Gardens Tsuen Wan N.T.
1,SC2,Sun Chui 2,新翠 2,Shop No. L001 Ground Floor Market (Forming Part of Commercial Blocks) Sun Chui Estate 2 Chui Tin Street Shatin New Territories,Shop No. L001 Ground Floor Market (Forming Part of Commercial Blocks) Sun Chui Estate 2 Chui Tin Street Shatin New Territories
1,SFA,San Fung Avenue,新豐路,Ground Floor No. 100  San Fung Ave. Sheung Shui New Territories,Ground Floor No. 100  San Fung Ave. Sheung Shui New Territories
1,SHC,Siu Hong Court,兆康苑,2/22 Siu Hong Road Commercial Centre 1/F. Shop 225 Tuen Mun N.T.,2/22 Siu Hong Road Commercial Centre 1/F. Shop 225 Tuen Mun N.T.
1,SHI,Shouson Hill,壽臣山廣場,Lg 01 & G 01  Shouson Place 16E Shous0N Hill  Road Hong Kong,Lg 01 & G 01  Shouson Place 16E Shous0N Hill  Road Hong Kong
1,SK2,Sai Kung II,西貢2,Shop No 15-16 18-20 28-30 G/F Sai Kung Town Centre Sai Kung Kowloon.,Shop No 15-16 18-20 28-30 G/F Sai Kung Town Centre Sai Kung Kowloon.
1,SKME,Shek Kip Mei Estate,石峽尾邨,Shop SQ05 Ancillary Facilities Block Shek Kip Mei Estate Phase II Shek Kip Mei Kowloon.,Shop SQ05 Ancillary Facilities Block Shek Kip Mei Estate Phase II Shek Kip Mei Kowloon.
1,SKWP,Smiling Shaukeiwan Plaza,天悅筲箕灣廣場,Portion of 2/F Smiling Shaukeiwan Plaza No. 360A Shaukeiwan Road Hong Kong,Portion of 2/F Smiling Shaukeiwan Plaza No. 360A Shaukeiwan Road Hong Kong
1,SL,Shun Lee,順利,Ground Floor  Lee Hong House Shun Lee Estate Kwun Tong  Kowlloon.,Ground Floor  Lee Hong House Shun Lee Estate Kwun Tong  Kowlloon.
1,SLC,Siu Lun Court,兆麟苑,Shop 13 Siu Lun Court Shopping Centre Tuen Mun N.T.,Shop 13 Siu Lun Court Shopping Centre Tuen Mun N.T.
1,SLD,Smartland SS,創意無限,F201  1St Floor  Phase Ii  Smartland Tsuen Wah Street  Tsuen Wan. N.T.,F201  1St Floor  Phase Ii  Smartland Tsuen Wah Street  Tsuen Wan. N.T.
1,SLE,Shek Lei Estate,石籬,Shop No. 107 1/F. Shek Lei Shopping Centre Shek Lei (I) Estate Kwai Chung New Territories Hong Kong.,Shop No. 107 1/F. Shek Lei Shopping Centre Shek Lei (I) Estate Kwai Chung New Territories Hong Kong.
1,SME,Shek Mun Estate,碩門邨,Shop No. 1 Free Standing Block Shek Mun Estate Shatin New Territories,Shop No. 1 Free Standing Block Shek Mun Estate Shatin New Territories
1,SMRS,Smithfield SS SS,士美菲路,G/F & Lower G/F No. 45-51 Smithfield Road Kennedy Town Hong Kong,G/F & Lower G/F No. 45-51 Smithfield Road Kennedy Town Hong Kong
1,SNR,Shun Ning Road,順寧道,Shop 9-10G/F. Sunlight Building 273 Shun Ning Road Cheung Sha Wan Kowloon,Shop 9-10G/F. Sunlight Building 273 Shun Ning Road Cheung Sha Wan Kowloon
1,SNRF,Shun Ning Road (Frozen Food),順寧道 (Frozen Store),Ground Floor No. 281 Shun Ning Road Kowloon,Ground Floor No. 281 Shun Ning Road Kowloon
1,SP2,Sceneway Plaza2,匯景廣場2,Shop 401 Level 4 Sceneway Plaza 8 Sceneway Road Lam Tin Kowloon,Shop 401 Level 4 Sceneway Plaza 8 Sceneway Road Lam Tin Kowloon
1,SPD,Springdale,御庭居,Shop Nos 9-12 15-19 & Shop 9 Cockloft On G/F Springdale Villas Ma Tin Road Yuen Long New Territories,Shop Nos 9-12 15-19 & Shop 9 Cockloft On G/F Springdale Villas Ma Tin Road Yuen Long New Territories
1,SPW,Shek Pai Wan,石排灣,Shop No. 2 Shek Pai Wan Shopping Centre  Shek Pai Wan Estate Aberdeen.,Shop No. 2 Shek Pai Wan Shopping Centre  Shek Pai Wan Estate Aberdeen.
1,SSP2,Sun Star Plaza 2,信達廣場2,Shops P0020-P0024 Portion of P0025 and P0026-P0028 G/F Phase 2 Sun Star Plaza Section HB A. do Hipodromo Areia Preta Macau,Shops P0020-P0024 Portion of P0025 and P0026-P0028 G/F Phase 2 Sun Star Plaza Section HB A. do Hipodromo Areia Preta Macau
1,SSW,Siu Sai Wan ,小西灣,Shop No. 211A Second Floor Siu Sai Wan Shopping Centre Siu Sai Wan Estate Hong Kong,Shop No. 211A Second Floor Siu Sai Wan Shopping Centre Siu Sai Wan Estate Hong Kong
1,STE2,Sheung Tak Estate 2,尚德邨,Shop No. 301 Third Floor Sheung Tak Shopping Centre Sheung Tak Estate Tseung Kwan O New Territories,Shop No. 301 Third Floor Sheung Tak Shopping Centre Sheung Tak Estate Tseung Kwan O New Territories
1,STK,Sha Tau Kok Chuen,沙頭角邨,Shop Nos. 2A & 2B Block 20 Sha Tau Kok Chuen New Territories,Shop Nos. 2A & 2B Block 20 Sha Tau Kok Chuen New Territories
1,STMC,Sun Tuen Mun Centre,新屯門中心,Shop No 161-165 Level 3 Sun Tuen Mun Centre Tuen Mun N.T.,Shop No 161-165 Level 3 Sun Tuen Mun Centre Tuen Mun N.T.
1,STW,Sun Tin Wai,新田圍,Shop No 25  4/Floor Sun Tin Wai Estate Shatin N.T.,Shop No 25  4/Floor Sun Tin Wai Estate Shatin N.T.
1,SU3,Science University II,科技大學,Site on LG7 The Hong Kong University of Science and Technology Clearwater Bay Kowloon.,Site on LG7 The Hong Kong University of Science and Technology Clearwater Bay Kowloon.
1,SW,Sui Wo,穗禾苑,G17  Ground FloorSui Wo Commercial ComplexShatin N.T.,G17  Ground FloorSui Wo Commercial ComplexShatin N.T.
1,SWH,Sai Wan Ho,西灣河,Shop 2  G/F  129-133 Sai Wan Ho Street Shaukeiwan Hong Kong.,Shop 2  G/F  129-133 Sai Wan Ho Street Shaukeiwan Hong Kong.
1,SWK,Shek Wai Kok,石圍角,Shop Nos 326-329 Commercial Centre Shek Wai Kok Estate Tsuen Wan NT,Shop Nos 326-329 Commercial Centre Shek Wai Kok Estate Tsuen Wan NT
1,SWP,Son Wo Kong Cheong,信和廣場,Shop Q O Y Z Ag Ah Ai On Ground Floor Son Wo Kong Cheong Nos. 199-209 Rua Sul Do Patane Nos. 102-202 Rua Da Bacia Sul Nos. 190-360 Praca Das Orquideas Macau.,Shop Q O Y Z Ag Ah Ai On Ground Floor Son Wo Kong Cheong Nos. 199-209 Rua Sul Do Patane Nos. 102-202 Rua Da Bacia Sul Nos. 190-360 Praca Das Orquideas Macau.
1,SWS,Shui Wo Street,瑞和街,Ground Floor & First Floor 42 Shui Wo Street Kwun Tong Kowloon.,Ground Floor & First Floor 42 Shui Wo Street Kwun Tong Kowloon.
1,SYE,Shek Yam Estate,石蔭村,Shop Lg 114 Shek Yam Shoppong Centre Tung Chi Street Kwai Chung NT,Shop Lg 114 Shek Yam Shoppong Centre Tung Chi Street Kwai Chung NT
1,SYRF,Shek Yam Road (Frozen Food),石蔭路,Shop C and D Ground Floor Kwai Fat Building Nos. 98/106 and 110/112 Shek Yam Road Kwai Chung New Territories,Shop C and D Ground Floor Kwai Fat Building Nos. 98/106 and 110/112 Shek Yam Road Kwai Chung New Territories
1,Taste - CGS,Taste at Citygate SS,東涌,B1-B10   Citygate  No. 20  Tung Tat Road Tung Chung Lantau Hong Kong,B1-B10   Citygate  No. 20  Tung Tat Road Tung Chung Lantau Hong Kong
1,Taste - SPI,Taste at Stanley Plaza SS,赤柱,Shop No. 201-203  2 Floor   Stanley Plaza Ma Hang Stanley Hong Kong,Shop No. 201-203  2 Floor   Stanley Plaza Ma Hang Stanley Hong Kong
1,Taste -EPCT,East Point City - Taste,東港城,Shop Nos. 228 & 228A On Level 2 East Point City 8 Chung Wa Road Tseung Kwan O Town Lot No. 17 New Territories,Shop Nos. 228 & 228A On Level 2 East Point City 8 Chung Wa Road Tseung Kwan O Town Lot No. 17 New Territories
1,Taste -NHC,New Hopewell Centre,新合和中心,Portion Of G/F  &  Whole Of Basement Hopewell Centre  183  Queenís Road East Wanchai  Hong Kong.,Portion Of G/F  &  Whole Of Basement Hopewell Centre  183  Queenís Road East Wanchai  Hong Kong.
1,Taste-FW,Taste at Festival Walk,又一城,Shop 05  Mtr Level  Festival Walk Tat Chee Avenue Kowloon.,Shop 05  Mtr Level  Festival Walk Tat Chee Avenue Kowloon.
1,TCC,Tsui Chuk Estate,翠竹花園,Shop 408  Level 4 Tsui Chuk Commercial Complex Chuk Yuen Kowloon.,Shop 408  Level 4 Tsui Chuk Commercial Complex Chuk Yuen Kowloon.
1,TCE,Tsz Ching Estate,慈正邨,Shop No. 1  Ground Floor Tsz Ching Shopping Chang Kin Tang Centre   Ii Tsz Ching Estate Kowloon.,Shop No. 1  Ground Floor Tsz Ching Shopping Chang Kin Tang Centre   Ii Tsz Ching Estate Kowloon.
1,TCS, Tseng Choi Street,井財街,Shop B of First Floor Kam Men Mansion No. 15 Tseng Choi Street Tuen Mun New Territories,Shop B of First Floor Kam Men Mansion No. 15 Tseng Choi Street Tuen Mun New Territories
1,THT,Tin Hau Temple,天后廟,Portion Of Ground Floor  & First Floor 6-8 King'S Road Hong Kong.,Portion Of Ground Floor  & First Floor 6-8 King'S Road Hong Kong.
1,TIWE,Tin Wan Estate,田灣邨,Shop 106   1St Floor Tin Wan Shopping Centre Aberdeen Hong Kong.,Shop 106   1St Floor Tin Wan Shopping Centre Aberdeen Hong Kong.
1,TKB,Tone King Building,東景大廈,Shop no. 1A G/F. & 1/F. Tone King Building No. 413 Castle Peak Road Sham Shui Po Kowloon,Shop no. 1A G/F. & 1/F. Tone King Building No. 413 Castle Peak Road Sham Shui Po Kowloon
1,TLE,Tsui Lam Estate,翠林邨,Shop No 132  First Floor Tsui Lam Shopping Centre Junk Bay N.T.,Shop No 132  First Floor Tsui Lam Shopping Centre Junk Bay N.T.
1,TMA,Tin Ma Estate,天馬苑,Shop No F9Tin Ma Court Commercial Centre Lung Cheung Road Kowloon.,Shop No F9Tin Ma Court Commercial Centre Lung Cheung Road Kowloon.
1,TMC,Tuen Mun Centre,屯門中心,Ground Floor Yan Oi Tong Community & Indoor Sports Centre 3 Kai Man Street Tuen Mun N.T.,Ground Floor Yan Oi Tong Community & Indoor Sports Centre 3 Kai Man Street Tuen Mun N.T.
1,TMPS,Tuen Mun Plaza SS,屯門市廣場,2Nd Floor Tuen Mun Town PlazaPhase Ii  3  Tuen Lung Street Tuen Mun N.T.,2Nd Floor Tuen Mun Town PlazaPhase Ii  3  Tuen Lung Street Tuen Mun N.T.
1,TMR,Tong Mi Road,塘尾道,Shop No. A-C G/F Cheong Fai Mansion No. 22 Tong Mi Road Kowloon  ,Shop No. A-C G/F Cheong Fai Mansion No. 22 Tong Mi Road Kowloon  
1,TPCS,Tai Po Centre SS,大埔中心,Shop Nos. 614 - 669  673 - 678  Level 1 Tai  Po Shopping Centre Tai Po New Territories.,Shop Nos. 614 - 669  673 - 678  Level 1 Tai  Po Shopping Centre Tai Po New Territories.
1,TPE,Tin Ping Estate,天平邨,No 101  Ground Floor Tin Ping Estate Shopping CentreSheung Shui N.T.,No 101  Ground Floor Tin Ping Estate Shopping CentreSheung Shui N.T.
1,TPL,Tai Po Lot,清泉雅居,Shop No. 9  Ground Floor La Fontaine 6 Chui Lok Street Taipo New Territories.,Shop No. 9  Ground Floor La Fontaine 6 Chui Lok Street Taipo New Territories.
1,TSC,Ting Shing Court,天盛苑,Shop 109  Tin Shing Shopping Centre Tin Shing Estate Tin Shui Wai N.T.,Shop 109  Tin Shing Shopping Centre Tin Shing Estate Tin Shui Wai N.T.
1,TSE 2,Tin Shui Estate 2,天瑞邨 2,Shop No. L101 Level 2 Tin Shui Shopping Centre 9 Tin Shui Road Tin Shui Wai Yuen Long New Territories ,Shop No. L101 Level 2 Tin Shui Shopping Centre 9 Tin Shui Road Tin Shui Wai Yuen Long New Territories 
1,TSS,Tak Shing Street,德成街,Shop C D & E G/F 1-5 Tak Shing Street Jordon Kowloon.,Shop C D & E G/F 1-5 Tak Shing Street Jordon Kowloon.
1,TTE,Tung Tau Estate,東頭邨,Shop 13-28  Hong Tung House Tung Tau Estate San Po Kong Kowloon.,Shop 13-28  Hong Tung House Tung Tau Estate San Po Kong Kowloon.
1,TW2,Tai Wai II,大圍,Portion Of Ground Floor & Whole Of Firstfloor Yuet On Building 49-53 Tai Wai Road Shatin N.T.,Portion Of Ground Floor & Whole Of Firstfloor Yuet On Building 49-53 Tai Wai Road Shatin N.T.
1,TWC2,Tsuen Wan Centre II,荃灣中心,Flat No. E31-E45  Ground Floor  Tsuen Wan Centre  Phase Ii Building Tsuen Wan Nt.,Flat No. E31-E45  Ground Floor  Tsuen Wan Centre  Phase Ii Building Tsuen Wan Nt.
1,TWE,Tai Wo Estate,太和邨,Shop 101  Level IiTai Wo Shopping Mall Tai Po N.T.,Shop 101  Level IiTai Wo Shopping Mall Tai Po N.T.
1,TWH,Tai Wo Hau,大窩口,Shop 5  Tai Wo Hau Comm'L Centre 2 Tai Wo Hau Estate Tsuen Wan N.T.,Shop 5  Tai Wo Hau Comm'L Centre 2 Tai Wo Hau Estate Tsuen Wan N.T.
1,TWL,Tai Wing Lane,大榮里,No. 16 18 20 & 22 Ground Floor Tai Wing Lane Tai Po NT,No. 16 18 20 & 22 Ground Floor Tai Wing Lane Tai Po NT
1,TWS,Tsz Wan Shan,慈雲山,Shop No. 108  1/ Floor.  Tsz Wan Shan Shopping Centre  Tsz Man Estate Kowloon.,Shop No. 108  1/ Floor.  Tsz Wan Shan Shopping Centre  Tsz Man Estate Kowloon.
1,TWSC,Tong Wa San Chun,東華新村,Shop A B & C G/F. Tong Wa San Chun 236 Avenida do Nordeste Areia Preta Macau,Shop A B & C G/F. Tong Wa San Chun 236 Avenida do Nordeste Areia Preta Macau
1,TYG,Tsing Yi Garden,青怡花園,Tytl 101  Ground Floor  Tsing Yi Square Tsing Yi Garden Tsing Yi Island N.T.,Tytl 101  Ground Floor  Tsing Yi Square Tsing Yi Garden Tsing Yi Island N.T.
1,UC,United Centre,統一中心,Units 1029-1043 1St Floor United Centre95 Queensway Hong Kong,Units 1029-1043 1St Floor United Centre95 Queensway Hong Kong
1,UE,Upper East 18,港島東,Shop G03B G04B G05 and G06A on Ground Floor 18 Upper East No. 18-36 Shing On Street Sai Wan Ho Hong Kong,Shop G03B G04B G05 and G06A on Ground Floor 18 Upper East No. 18-36 Shing On Street Sai Wan Ho Hong Kong
1,UTP,Up Town Plaza,新達廣埸,Shop No 131-140  Level Ii Uptown Plaza Tptl 64Taipo N.T.,Shop No 131-140  Level Ii Uptown Plaza Tptl 64Taipo N.T.
1,VA,Victory Avenue,勝利道,Ground FloorHealthy House 14 Victory Ave.   Kowloon.,Ground FloorHealthy House 14 Victory Ave.   Kowloon.
1,VH,Verbena Heights,茵怡花園,Shop No.5 G/F Block 1 Verbena Heights 8 Mau Tai Road Tseung Kwan O New Territories,Shop No.5 G/F Block 1 Verbena Heights 8 Mau Tai Road Tseung Kwan O New Territories
1,VM,Victoria Mall,港景匯,Shop Nos. 117-118 & 118A Level One Victoria Mall No. 188 Canton Road Kowloon,Shop Nos. 117-118 & 118A Level One Victoria Mall No. 188 Canton Road Kowloon
1,WCL,Wai Chi Lane,偉智里,Shop No. 230 on Ground Floor and Whole of Basement Floor Kam Yuck Building No. 2 Wai Chi Lane Sham Shui Po Kowloon ,Shop No. 230 on Ground Floor and Whole of Basement Floor Kam Yuck Building No. 2 Wai Chi Lane Sham Shui Po Kowloon 
1,WE,Walton Estate,宏德居,Shop 1  Block 1 Ground Floor Walton Estate Yee Shing Street Chai Wan Hong Kong.,Shop 1  Block 1 Ground Floor Walton Estate Yee Shing Street Chai Wan Hong Kong.
1,WES,Walton Estate SS,宏德居,All That the First Floor of Block B of Walton Estate Nos. 341-343 Chai Wan Road Chai Wan Hong Kong,All That the First Floor of Block B of Walton Estate Nos. 341-343 Chai Wan Road Chai Wan Hong Kong
1,WFC,Wang Fai Centre,宏輝中心,Shop No. 1 On The Level 1 And A Chiller Plant Room On The Level 2 Wang Fai Centre Wang Tau Hom Estate Wong Tai Sin Kowloon,Shop No. 1 On The Level 1 And A Chiller Plant Room On The Level 2 Wang Fai Centre Wang Tau Hom Estate Wong Tai Sin Kowloon
1,WG,Western Garden,西苑,Shop No.  80   G/Fl.  Western Gardens First Street Hong Kong.,Shop No.  80   G/Fl.  Western Gardens First Street Hong Kong.
1,WGD,Waldorf Garden,華都花園,Shop Nos. 2B-1b 2B-1c 2B-4 2B-4a & 2B-5 on Level 3 of Waldorf Garden 1 Tuen Lee Street Tuen Mun N.T.,Shop Nos. 2B-1b 2B-1c 2B-4 2B-4a & 2B-5 on Level 3 of Waldorf Garden 1 Tuen Lee Street Tuen Mun N.T.
1,WHC,Wai Hang Cheong,偉恆昌,Portion Of Arcade Shop Ground Floor Hang Chien Court 108 Mei King Street Tokwawan Kowloon.,Portion Of Arcade Shop Ground Floor Hang Chien Court 108 Mei King Street Tokwawan Kowloon.
1,WKE,Wah Kwai Estate,華貴邨,Shop No 14  Wah Kwai Shopping Centre Wah Kwai Estate Pokfulam Hong Kong.,Shop No 14  Wah Kwai Shopping Centre Wah Kwai Estate Pokfulam Hong Kong.
1,WLC,Westlands Centre,華蘭中心,Shop nos. 2 & 3 on Ground Floor Westlands Centre 20 Westlands Road Hong Kong.,Shop nos. 2 & 3 on Ground Floor Westlands Centre 20 Westlands Road Hong Kong.
1,WLE,Wo Lok Estate,和樂邨,Shops 1+2 G/F. Ping On House Wo Lok Estate Kwun Tong Kowloon,Shops 1+2 G/F. Ping On House Wo Lok Estate Kwun Tong Kowloon
1,WMC,Wah Ming Centre,華明中心,Level 3 Wah Ming Centre No. 421 Queen's Road West Hong Kong.,Level 3 Wah Ming Centre No. 421 Queen's Road West Hong Kong.
1,WPG3,Whampoa Garden 3,黃埔花園,Shop 2  B1/F  Homeworld  Commercial Complex  Site 12  Tak Hong Street Hunghom  Kowloon.,Shop 2  B1/F  Homeworld  Commercial Complex  Site 12  Tak Hong Street Hunghom  Kowloon.
1,WR,Waterloo Road,窩打老道,Shop B2 on Ground Floor Man Kee Mansion Nos. 86 86A 86B 86C 86D & 86E Waterloo Road Kowloon,Shop B2 on Ground Floor Man Kee Mansion Nos. 86 86A 86B 86C 86D & 86E Waterloo Road Kowloon
1,WSE2,Wah Sum Estate 2,華心邨 2,Shop Nos. R32 and R33 Ground Floor Wah Sum Shopping Centre Wah Sum Estate 18 Yat Ming Road Fanling New Territories,Shop Nos. R32 and R33 Ground Floor Wah Sum Shopping Centre Wah Sum Estate 18 Yat Ming Road Fanling New Territories
1,WSH,Windsor House ,皇室堡,Shop No. B77 on the Basement Floor Windsor House 311 Gloucester Road Causeway Bay Hong Kong,Shop No. B77 on the Basement Floor Windsor House 311 Gloucester Road Causeway Bay Hong Kong
1,WSS,Wun Sha Street,浣紗街,Shop nos. 5-7 G/F. Wun Sha Tower nos. 33-45 Wun Sha Street Tai Hang Hong Kong,Shop nos. 5-7 G/F. Wun Sha Tower nos. 33-45 Wun Sha Street Tai Hang Hong Kong
1,WTS,Wong Tai Sin ,黃大仙,Shop No. B01 Basement Floor Wong Tai Sin Shopping Centre Wong Tai Sin Estate Kowloon,Shop No. B01 Basement Floor Wong Tai Sin Shopping Centre Wong Tai Sin Estate Kowloon
1,WTTF,Wo Tong Tsui Street (Frozen Food),禾塘咀街 (Frozen Store),Shop 2 LG/F 87-89 Wo Tong Tsui Street Kwai Chung New Territories,Shop 2 LG/F 87-89 Wo Tong Tsui Street Kwai Chung New Territories
1,WTTS,Wo Tong Tsui Street,禾塘咀街,Shop 1 LG/F Mai Chung Mansion 87-89 Wo Tong Tsui Street Kwai Chung New Territories,Shop 1 LG/F Mai Chung Mansion 87-89 Wo Tong Tsui Street Kwai Chung New Territories
1,WWAH,Wai Wah Centre,偉華中心,Shops Nos. 6 & 7 2Nd Floor (Level 3) Chanway Shopping Centre Nos. 11-17 Shatin NT,Shops Nos. 6 & 7 2Nd Floor (Level 3) Chanway Shopping Centre Nos. 11-17 Shatin NT
1,YAO,Yan On Estate,欣安邨,Shop 3 Yan On shopping Centre Yan On Estate Ma On Shan New Territories,Shop 3 Yan On shopping Centre Yan On Estate Ma On Shan New Territories
1,YCC,Yu Chui Court,愉翠商場,Shop No. 104  1/F  Yu Chui Shopping Centre Yu Chui CourtShatin New Territories.,Shop No. 104  1/F  Yu Chui Shopping Centre Yu Chui CourtShatin New Territories.
1,YCS,Yen Chow Street,欽洲街,Lower Ground Floor & First Floor Wing Shing Building 116 Yen Chow Street Shamshuipo Kowloon.,Lower Ground Floor & First Floor Wing Shing Building 116 Yen Chow Street Shamshuipo Kowloon.
1,YHS,Yin Hing Street,衍慶街,Portion Of The Ground Floor Foo Yuen Building No. 1 Foo Yuen Street Nos. 21 23 27 & 29 Yin Hing Street San Po Kong Kowloon.,Portion Of The Ground Floor Foo Yuen Building No. 1 Foo Yuen Street Nos. 21 23 27 & 29 Yin Hing Street San Po Kong Kowloon.
1,YLCM,Yuen Long Citimall,元朗千色廣場,Shop 12 Basement 1  Yuen Long Citi Mall Kau Yuk Road  Yuen Long N.T.,Shop 12 Basement 1  Yuen Long Citi Mall Kau Yuk Road  Yuen Long N.T.
1,YLE,Yau Lai Shopping Centre,油麗,Shop 1 Ground Floor Yau Lai Shopping Centre No 9 Yau Tong Road Yau Tong Kowloon.,Shop 1 Ground Floor Yau Lai Shopping Centre No 9 Yau Tong Road Yau Tong Kowloon.
1,YLP2,Yuen Long Plaza 2,元朗廣場,Shop 341 - 348 3/F. Yuen Long Plaza Yuen Long NT,Shop 341 - 348 3/F. Yuen Long Plaza Yuen Long NT
1,YLS,Yuen Long SS,新元朗中心,Shop No. 301 Level 3 Sun Yuen Long Centre 8 Long Yat Roadyuen Long N.T. ,Shop No. 301 Level 3 Sun Yuen Long Centre 8 Long Yat Roadyuen Long N.T. 
1,YOC,Yee On Court,怡安閣,Shop 15-16  Ground Floor Yee On Court124 C-DArgyle Street Kowloon.,Shop 15-16  Ground Floor Yee On Court124 C-DArgyle Street Kowloon.
1,YOE2,Yiu On Estate 2,耀安邨 2,Shop No. L201 Level 2 Yiu On Shopping Centre Yiu On Estate No. 2 Hang Hong Street Shatin New Territories,Shop No. L201 Level 2 Yiu On Shopping Centre Yiu On Estate No. 2 Hang Hong Street Shatin New Territories
1,YWC,Yuk Wah Crescent,毓華里,Shops A & A1 on Ground Floor Ming Fung Mansion Nos. 12 & 14 Yuk Wah Crescent Tsz Wan Shan Kowloon,Shops A & A1 on Ground Floor Ming Fung Mansion Nos. 12 & 14 Yuk Wah Crescent Tsz Wan Shan Kowloon
